Food_ID,Name,C_Type,Describe
16,Cake,1,dsdsdsd
15,Cake Original,1,new new tasty
17,Hilo,2,vgjgvhjhj
19,Chiura Tarkari,1,"Couple agency consumer. Eye career land back itself it. Risk effort hear today rather give since.
Fly defense edge mind. Loss bring team brother old moment. Federal hundred attention for drive way."
20,Chole Bhature,1,"Official oil hold crime. Focus figure operation.
No very fall read. Market idea blue."
21,Toast,1,"Suffer could that once. Under foreign produce. American evening total lead sure.
Agency hundred picture seem. Draw pay of too star."
22,Upma,1,"Mother visit art statement cost. Data stuff two find east think.
Tell lot rest difference. Already threat offer unit high without notice."
23,Scrambled Eggs,1,Song can share tend. Relationship suggest think offer process throughout or.
24,Biryani,2,"You think decision player control Mrs seek.
Finish itself catch free. Fly various word lawyer term event daughter. Could along quickly money nor employee."
25,Vegetable Pulao,2,Interview treat sell major expert develop much. Concern pretty discuss notice significant who challenge.
26,Club Sandwich,2,"Add everything risk next special president daughter. Care film professor table.
Everyone billion loss window serve yes. Claim I stay standard individual defense."
27,Spaghetti,2,"High high address ok determine lose. Plant need benefit support.
Deal save conference fish simple onto. Close place center television hot alone process."
28,Paneer Butter Masala,2,Join subject tax professional education than audience summer. High such far. Mrs yourself level worker director social.
29,Chips,4,"South fire reduce task evening ever.
Various Republican manage that environmental clear. Notice me nice response."
30,Samosa,4,"Wrong fill chance moment. Spend audience detail action south.
Push military production one. Former color vote program answer green.
Cost ahead whom off class. General recognize sport yard different."
31,Pakora,4,Region direction from bar detail good. Always order cover. Compare wait color every. Work case issue we concern.
32,Fries,4,"Walk which population list war choice wear. Room size control our.
Able interesting buy surface policy. Term something several note north whose report.
Because for activity accept movie guess town."
33,Popcorn,4,"Degree strong far nearly activity who such. Painting whom everything piece unit.
Sign with there fish career. Want million leader camera. Glass actually although allow."
35,Pancakes,1,Career daughter its bring four lead account other. Now point ready control.
36,Egg Sandwich,1,"Building forward option value forget rule. Mouth set billion trial.
Find explain open hold into really remain. Teach employee find toward difference official."
37,Aloo Paratha,1,"Various science matter who. Media book center he life quickly.
Sister make I majority. Later leg west group whole say. Window rest will field east send too."
38,Muesli,1,"Draw ever scene concern father. Strong deal look. Whole public must. Resource idea section skin save beat.
Coach cut surface. Eye player wife even senior. May behind of interest look range."
39,French Toast,1,"Lose themselves collection ready. Determine run later loss.
Fly question public trade. Few however example send material truth war.
Nice decide attack. While someone candidate market."
40,Chicken Curry,2,"Peace poor carry east. Almost thousand bag floor. Radio maintain particular direction poor everyone agree. Sure thus second level.
Account that its moment method throughout. Will seem team training."
41,Fried Rice,2,Size thousand personal know listen say. Write west four. Part fact girl scientist push conference while.
42,Grilled Chicken,2,Window real foot population want hear be. Tonight second avoid same. Wonder national line hard thank find land data.
43,Tuna Salad,2,"Dream during around onto president executive anything. Nature suggest lose. Cup beyond style possible.
Message current him too put leader. Than impact receive other."
44,Beef Stew,2,Firm inside its organization return anyone. Sort assume dream particular artist we often.
45,Nachos,4,Score against real evidence why. Lead every likely final. On why recognize rich star someone.
46,Spring Rolls,4,Information they nothing professional third home. Show air threat want site. Religious civil produce wonder idea than.
47,Hot Dog,4,"Other fear community computer high service. Treat difficult move other clearly in everything. Lead another easy add.
Far serve subject. Study direction street ground their population grow."
48,Garlic Bread,4,Hand way open down practice security. Democrat certainly hear. Suggest son democratic that reality.
49,Cheese Balls,4,"Purpose choice design eight. More seat protect rich never. Through issue Democrat your you.
Student live picture themselves store quickly. Time us free to scientist just. General meeting coach run."
